model,rmse,mae,r2,mape
GradientBoosting,0.0028795188560278915,0.002086569474406305,0.5004602469607597,42.642298552038824
XGBoost,0.002921282614395328,0.0021119129279257966,0.48586478726968774,43.319113709153356
RandomForest,0.002974491955915572,0.00214178801775961,0.46696491125052464,43.91383822681234
ExtraTrees,0.0030009902707840487,0.00216270373726384,0.4574255034125766,44.10156997814857
LinearRegression,0.00303601352639231,0.0022648679229308267,0.4446873004612185,47.186264015452295
Ridge,0.0030360135533494923,0.0022648679348513073,0.4446872905998228,47.186265512094124
Lasso,0.0032616200323124208,0.0024252641047737312,0.35909016967643814,52.85854172283288
DeepEmbeddingNN,0.07306173063334709,0.05577607047431306,-320.5956100361379,1281.3661919394897
